transaction_id,transaction_date,customer_id,product_id,product_name,category,quantity,unit_price,discount_pct
TX-0001,2026-05-04,CUS-063,everyday-hoodie,Everyday Hoodie,Apparel,1,54.99,0.15
TX-0002,2026-08-15,CUS-140,mechanical-keyboard,Mechanical Keyboard,Office,1,119.99,0
TX-0003,2026-03-02,CUS-024,wireless-headphones,Wireless Headphones,Audio,1,89.99,0
TX-0004,2026-03-01,CUS-144,mechanical-keyboard,Mechanical Keyboard,Office,1,119.99,0.1
TX-0005,2026-07-12,CUS-108,mechanical-keyboard,Mechanical Keyboard,Office,2,119.99,0.15
TX-0006,2026-09-18,CUS-002,mechanical-keyboard,Mechanical Keyboard,Office,1,119.99,0
TX-0007,2026-05-05,CUS-040,mechanical-keyboard,Mechanical Keyboard,Office,2,119.99,0
TX-0008,2026-03-21,CUS-024,mechanical-keyboard,Mechanical Keyboard,Office,3,119.99,0
TX-0009,2026-07-27,CUS-068,desk-lamp,Desk Lamp,Home Office,1,44.99,0
TX-0010,2026-03-26,CUS-097,wireless-headphones,Wireless Headphones,Audio,2,89.99,0.1
TX-0011,2026-07-31,CUS-093,wireless-headphones,Wireless Headphones,Audio,1,89.99,0.15
TX-0012,2026-03-06,CUS-059,usb-c-hub,USB-C Hub,Accessories,1,39.99,0
TX-0013,2026-03-20,CUS-098,smart-watch,Smart Watch,Wearables,4,149.99,0
TX-0014,2026-04-05,CUS-095,smart-watch,Smart Watch,Wearables,1,149.99,0
TX-0015,2026-08-21,CUS-019,smart-watch,Smart Watch,Wearables,1,149.99,0
TX-0016,2026-08-28,CUS-063,usb-c-hub,USB-C Hub,Accessories,2,39.99,0.1
TX-0017,2026-08-05,CUS-143,mechanical-keyboard,Mechanical Keyboard,Office,1,119.99,0
TX-0018,2026-04-22,CUS-009,mechanical-keyboard,Mechanical Keyboard,Office,2,119.99,0
TX-0019,2026-04-18,CUS-146,smart-watch,Smart Watch,Wearables,1,149.99,0
TX-0020,2026-06-30,CUS-102,everyday-hoodie,Everyday Hoodie,Apparel,1,54.99,0.15
TX-0021,2026-03-30,CUS-064,everyday-hoodie,Everyday Hoodie,Apparel,1,54.99,0
TX-0022,2026-09-02,CUS-150,everyday-hoodie,Everyday Hoodie,Apparel,1,54.99,0
TX-0023,2026-05-26,CUS-057,desk-lamp,Desk Lamp,Home Office,3,44.99,0.05
TX-0024,2026-09-04,CUS-013,mechanical-keyboard,Mechanical Keyboard,Office,1,119.99,0
TX-0025,2026-09-13,CUS-109,wireless-headphones,Wireless Headphones,Audio,1,89.99,0
TX-0026,2026-07-25,CUS-120,usb-c-hub,USB-C Hub,Accessories,1,39.99,0.05
TX-0027,2026-02-25,CUS-030,usb-c-hub,USB-C Hub,Accessories,1,39.99,0.1
TX-0028,2026-09-07,CUS-088,everyday-hoodie,Everyday Hoodie,Apparel,3,54.99,0
TX-0029,2026-06-19,CUS-001,wireless-headphones,Wireless Headphones,Audio,1,89.99,0
TX-0030,2026-07-01,CUS-046,everyday-hoodie,Everyday Hoodie,Apparel,3,54.99,0
TX-0031,2026-05-10,CUS-130,usb-c-hub,USB-C Hub,Accessories,3,39.99,0.15
TX-0032,2026-09-06,CUS-042,usb-c-hub,USB-C Hub,Accessories,1,39.99,0
TX-0033,2026-02-23,CUS-083,usb-c-hub,USB-C Hub,Accessories,3,39.99,0.1
TX-0034,2026-09-17,CUS-079,desk-lamp,Desk Lamp,Home Office,1,44.99,0
TX-0035,2026-03-15,CUS-022,mechanical-keyboard,Mechanical Keyboard,Office,1,119.99,0.1
TX-0036,2026-09-05,CUS-137,everyday-hoodie,Everyday Hoodie,Apparel,1,54.99,0
TX-0037,2026-07-13,CUS-043,mechanical-keyboard,Mechanical Keyboard,Office,1,119.99,0.05
TX-0038,2026-06-11,CUS-055,smart-watch,Smart Watch,Wearables,1,149.99,0.1
TX-0039,2026-04-15,CUS-080,usb-c-hub,USB-C Hub,Accessories,2,39.99,0.15
TX-0040,2026-05-29,CUS-113,desk-lamp,Desk Lamp,Home Office,4,44.99,0.15
TX-0041,2026-04-21,CUS-017,usb-c-hub,USB-C Hub,Accessories,1,39.99,0
TX-0042,2026-04-22,CUS-057,smart-watch,Smart Watch,Wearables,1,149.99,0.1
TX-0043,2026-03-10,CUS-059,wireless-headphones,Wireless Headphones,Audio,1,89.99,0.15
TX-0044,2026-03-13,CUS-132,wireless-headphones,Wireless Headphones,Audio,3,89.99,0
TX-0045,2026-04-18,CUS-139,mechanical-keyboard,Mechanical Keyboard,Office,1,119.99,0.05
TX-0046,2026-07-20,CUS-122,mechanical-keyboard,Mechanical Keyboard,Office,2,119.99,0.1
TX-0047,2026-04-12,CUS-025,mechanical-keyboard,Mechanical Keyboard,Office,2,119.99,0.05
TX-0048,2026-06-11,CUS-106,wireless-headphones,Wireless Headphones,Audio,2,89.99,0
TX-0049,2026-08-14,CUS-026,desk-lamp,Desk Lamp,Home Office,2,44.99,0
TX-0050,2026-09-15,CUS-028,wireless-headphones,Wireless Headphones,Audio,1,89.99,0
TX-0051,2026-06-17,CUS-036,mechanical-keyboard,Mechanical Keyboard,Office,1,119.99,0.1
TX-0052,2026-04-27,CUS-020,desk-lamp,Desk Lamp,Home Office,1,44.99,0.05
TX-0053,2026-03-20,CUS-013,desk-lamp,Desk Lamp,Home Office,2,44.99,0.1
TX-0054,2026-03-18,CUS-061,everyday-hoodie,Everyday Hoodie,Apparel,4,54.99,0
TX-0055,2026-04-18,CUS-103,mechanical-keyboard,Mechanical Keyboard,Office,1,119.99,0.05
TX-0056,2026-06-02,CUS-068,wireless-headphones,Wireless Headphones,Audio,1,89.99,0
TX-0057,2026-08-29,CUS-143,desk-lamp,Desk Lamp,Home Office,1,44.99,0.15
TX-0058,2026-04-12,CUS-076,everyday-hoodie,Everyday Hoodie,Apparel,2,54.99,0
TX-0059,2026-08-30,CUS-139,mechanical-keyboard,Mechanical Keyboard,Office,3,119.99,0.1
TX-0060,2026-03-07,CUS-150,wireless-headphones,Wireless Headphones,Audio,2,89.99,0
TX-0061,2026-04-04,CUS-015,desk-lamp,Desk Lamp,Home Office,1,44.99,0.1
TX-0062,2026-03-12,CUS-018,usb-c-hub,USB-C Hub,Accessories,1,39.99,0
TX-0063,2026-03-25,CUS-146,everyday-hoodie,Everyday Hoodie,Apparel,2,54.99,0.05
TX-0064,2026-07-31,CUS-021,mechanical-keyboard,Mechanical Keyboard,Office,1,119.99,0
TX-0065,2026-07-06,CUS-081,desk-lamp,Desk Lamp,Home Office,2,44.99,0.1
TX-0066,2026-05-14,CUS-062,smart-watch,Smart Watch,Wearables,1,149.99,0.15
TX-0067,2026-08-07,CUS-077,smart-watch,Smart Watch,Wearables,1,149.99,0.15
TX-0068,2026-02-25,CUS-118,desk-lamp,Desk Lamp,Home Office,1,44.99,0
TX-0069,2026-03-13,CUS-138,usb-c-hub,USB-C Hub,Accessories,4,39.99,0
TX-0070,2026-05-23,CUS-018,mechanical-keyboard,Mechanical Keyboard,Office,1,119.99,0
TX-0071,2026-06-15,CUS-140,mechanical-keyboard,Mechanical Keyboard,Office,1,119.99,0
TX-0072,2026-07-08,CUS-003,everyday-hoodie,Everyday Hoodie,Apparel,1,54.99,0.15
TX-0073,2026-08-11,CUS-027,everyday-hoodie,Everyday Hoodie,Apparel,2,54.99,0
TX-0074,2026-09-01,CUS-142,mechanical-keyboard,Mechanical Keyboard,Office,1,119.99,0
TX-0075,2026-04-17,CUS-088,mechanical-keyboard,Mechanical Keyboard,Office,1,119.99,0.1
TX-0076,2026-07-02,CUS-126,mechanical-keyboard,Mechanical Keyboard,Office,2,119.99,0
TX-0077,2026-03-18,CUS-109,smart-watch,Smart Watch,Wearables,3,149.99,0
TX-0078,2026-09-08,CUS-034,smart-watch,Smart Watch,Wearables,9,149.99,0
TX-0079,2026-08-31,CUS-114,everyday-hoodie,Everyday Hoodie,Apparel,4,54.99,0
TX-0080,2026-02-25,CUS-029,usb-c-hub,USB-C Hub,Accessories,2,39.99,0.1
TX-0081,2026-04-02,CUS-140,wireless-headphones,Wireless Headphones,Audio,3,89.99,0.15
TX-0082,2026-07-14,CUS-038,wireless-headphones,Wireless Headphones,Audio,2,89.99,0.1
TX-0083,2026-05-27,CUS-011,desk-lamp,Desk Lamp,Home Office,1,44.99,0
TX-0084,2026-08-12,CUS-027,smart-watch,Smart Watch,Wearables,1,149.99,0
TX-0085,2026-07-31,CUS-040,smart-watch,Smart Watch,Wearables,2,149.99,0.05
TX-0086,2026-06-08,CUS-007,mechanical-keyboard,Mechanical Keyboard,Office,2,119.99,0
TX-0087,2026-09-11,CUS-106,mechanical-keyboard,Mechanical Keyboard,Office,2,119.99,0
TX-0088,2026-05-02,CUS-041,everyday-hoodie,Everyday Hoodie,Apparel,2,54.99,0
TX-0089,2026-06-23,CUS-057,everyday-hoodie,Everyday Hoodie,Apparel,1,54.99,0
TX-0090,2026-05-23,CUS-079,mechanical-keyboard,Mechanical Keyboard,Office,2,119.99,0.05
TX-0091,2026-04-13,CUS-103,mechanical-keyboard,Mechanical Keyboard,Office,1,119.99,0.15
TX-0092,2026-09-08,CUS-072,smart-watch,Smart Watch,Wearables,1,149.99,0
TX-0093,2026-08-15,CUS-138,smart-watch,Smart Watch,Wearables,2,149.99,0.05
TX-0094,2026-04-30,CUS-046,smart-watch,Smart Watch,Wearables,3,149.99,0
TX-0095,2026-03-04,CUS-028,usb-c-hub,USB-C Hub,Accessories,3,39.99,0
TX-0096,2026-09-12,CUS-081,usb-c-hub,USB-C Hub,Accessories,1,39.99,0.15
TX-0097,2026-03-24,CUS-099,desk-lamp,Desk Lamp,Home Office,1,44.99,0.1
TX-0098,2026-08-23,CUS-112,usb-c-hub,USB-C Hub,Accessories,1,39.99,0
TX-0099,2026-08-17,CUS-051,wireless-headphones,Wireless Headphones,Audio,1,89.99,0.1
TX-0100,2026-05-18,CUS-081,smart-watch,Smart Watch,Wearables,1,149.99,0.15
TX-0101,2026-05-10,CUS-130,everyday-hoodie,Everyday Hoodie,Apparel,2,54.99,0.15
TX-0102,2026-06-06,CUS-076,smart-watch,Smart Watch,Wearables,2,149.99,0
TX-0103,2026-08-12,CUS-098,usb-c-hub,USB-C Hub,Accessories,1,39.99,0.05
TX-0104,2026-07-30,CUS-146,everyday-hoodie,Everyday Hoodie,Apparel,2,54.99,0
TX-0105,2026-05-11,CUS-074,smart-watch,Smart Watch,Wearables,1,149.99,0
TX-0106,2026-07-28,CUS-083,mechanical-keyboard,Mechanical Keyboard,Office,1,119.99,0.1
TX-0107,2026-04-18,CUS-131,desk-lamp,Desk Lamp,Home Office,1,44.99,0.15
TX-0108,2026-04-07,CUS-022,desk-lamp,Desk Lamp,Home Office,2,44.99,0.15
TX-0109,2026-07-31,CUS-086,smart-watch,Smart Watch,Wearables,1,149.99,0.15
TX-0110,2026-08-14,CUS-080,wireless-headphones,Wireless Headphones,Audio,2,89.99,0
TX-0111,2026-03-01,CUS-012,mechanical-keyboard,Mechanical Keyboard,Office,2,119.99,0
TX-0112,2026-09-07,CUS-019,mechanical-keyboard,Mechanical Keyboard,Office,4,119.99,0.1
TX-0113,2026-07-20,CUS-050,desk-lamp,Desk Lamp,Home Office,1,44.99,0.15
TX-0114,2026-06-05,CUS-063,everyday-hoodie,Everyday Hoodie,Apparel,2,54.99,0.05
TX-0115,2026-09-03,CUS-028,mechanical-keyboard,Mechanical Keyboard,Office,2,119.99,0
TX-0116,2026-07-05,CUS-119,desk-lamp,Desk Lamp,Home Office,1,44.99,0.15
TX-0117,2026-06-19,CUS-035,wireless-headphones,Wireless Headphones,Audio,1,89.99,0
TX-0118,2026-07-25,CUS-082,desk-lamp,Desk Lamp,Home Office,2,44.99,0.1
TX-0119,2026-07-02,CUS-110,desk-lamp,Desk Lamp,Home Office,1,44.99,0.15
TX-0120,2026-09-01,CUS-122,usb-c-hub,USB-C Hub,Accessories,1,39.99,0
TX-0121,2026-08-05,CUS-071,desk-lamp,Desk Lamp,Home Office,1,44.99,0
TX-0122,2026-05-04,CUS-113,usb-c-hub,USB-C Hub,Accessories,1,39.99,0
TX-0123,2026-05-03,CUS-086,wireless-headphones,Wireless Headphones,Audio,2,89.99,0
TX-0124,2026-03-30,CUS-039,smart-watch,Smart Watch,Wearables,3,149.99,0
TX-0125,2026-08-22,CUS-055,mechanical-keyboard,Mechanical Keyboard,Office,1,119.99,0
TX-0126,2026-07-11,CUS-120,wireless-headphones,Wireless Headphones,Audio,1,89.99,0
TX-0127,2026-06-02,CUS-150,desk-lamp,Desk Lamp,Home Office,1,44.99,0.05
TX-0128,2026-05-31,CUS-123,everyday-hoodie,Everyday Hoodie,Apparel,1,54.99,0.1
TX-0129,2026-09-03,CUS-100,wireless-headphones,Wireless Headphones,Audio,3,89.99,0
TX-0130,2026-07-12,CUS-057,desk-lamp,Desk Lamp,Home Office,1,44.99,0.15
TX-0131,2026-06-27,CUS-008,desk-lamp,Desk Lamp,Home Office,1,44.99,0.05
TX-0132,2026-09-15,CUS-104,desk-lamp,Desk Lamp,Home Office,1,44.99,0.15
TX-0133,2026-03-27,CUS-137,everyday-hoodie,Everyday Hoodie,Apparel,1,54.99,0.05
TX-0134,2026-07-17,CUS-007,wireless-headphones,Wireless Headphones,Audio,3,89.99,0.1
TX-0135,2026-06-21,CUS-047,wireless-headphones,Wireless Headphones,Audio,2,89.99,0
TX-0136,2026-04-18,CUS-117,wireless-headphones,Wireless Headphones,Audio,1,89.99,0
TX-0137,2026-05-05,CUS-108,smart-watch,Smart Watch,Wearables,1,149.99,0.05
TX-0138,2026-02-27,CUS-139,smart-watch,Smart Watch,Wearables,2,149.99,0.05
TX-0139,2026-04-21,CUS-018,wireless-headphones,Wireless Headphones,Audio,4,89.99,0
TX-0140,2026-04-27,CUS-052,everyday-hoodie,Everyday Hoodie,Apparel,1,54.99,0
TX-0141,2026-03-27,CUS-122,wireless-headphones,Wireless Headphones,Audio,2,89.99,0
TX-0142,2026-06-22,CUS-066,everyday-hoodie,Everyday Hoodie,Apparel,1,54.99,0
TX-0143,2026-09-02,CUS-030,smart-watch,Smart Watch,Wearables,1,149.99,0.1
TX-0144,2026-07-21,CUS-007,mechanical-keyboard,Mechanical Keyboard,Office,3,119.99,0
TX-0145,2026-06-04,CUS-051,smart-watch,Smart Watch,Wearables,1,149.99,0.05
TX-0146,2026-04-26,CUS-027,wireless-headphones,Wireless Headphones,Audio,1,89.99,0.15
TX-0147,2026-07-26,CUS-031,everyday-hoodie,Everyday Hoodie,Apparel,2,54.99,0.15
TX-0148,2026-07-09,CUS-110,usb-c-hub,USB-C Hub,Accessories,2,39.99,0
TX-0149,2026-08-07,CUS-088,everyday-hoodie,Everyday Hoodie,Apparel,1,54.99,0.1
TX-0150,2026-03-22,CUS-111,wireless-headphones,Wireless Headphones,Audio,2,89.99,0.05
TX-0151,2026-08-23,CUS-040,smart-watch,Smart Watch,Wearables,2,149.99,0.05
TX-0152,2026-08-08,CUS-070,desk-lamp,Desk Lamp,Home Office,1,44.99,0.1
TX-0153,2026-09-09,CUS-124,usb-c-hub,USB-C Hub,Accessories,2,39.99,0.1
TX-0154,2026-07-24,CUS-069,desk-lamp,Desk Lamp,Home Office,1,44.99,0.15
TX-0155,2026-05-05,CUS-116,smart-watch,Smart Watch,Wearables,2,149.99,0
TX-0156,2026-07-29,CUS-098,mechanical-keyboard,Mechanical Keyboard,Office,2,119.99,0.1
TX-0157,2026-04-10,CUS-125,smart-watch,Smart Watch,Wearables,1,149.99,0
TX-0158,2026-05-21,CUS-072,mechanical-keyboard,Mechanical Keyboard,Office,1,119.99,0
TX-0159,2026-07-15,CUS-003,usb-c-hub,USB-C Hub,Accessories,2,39.99,0
TX-0160,2026-04-25,CUS-105,usb-c-hub,USB-C Hub,Accessories,3,39.99,0
TX-0161,2026-08-18,CUS-122,desk-lamp,Desk Lamp,Home Office,1,44.99,0
TX-0162,2026-09-13,CUS-005,everyday-hoodie,Everyday Hoodie,Apparel,2,54.99,0.05
TX-0163,2026-08-19,CUS-063,wireless-headphones,Wireless Headphones,Audio,1,89.99,0.05
TX-0164,2026-06-24,CUS-142,smart-watch,Smart Watch,Wearables,2,149.99,0
TX-0165,2026-07-13,CUS-085,usb-c-hub,USB-C Hub,Accessories,1,39.99,0.15
TX-0166,2026-05-12,CUS-065,smart-watch,Smart Watch,Wearables,2,149.99,0
TX-0167,2026-05-14,CUS-031,mechanical-keyboard,Mechanical Keyboard,Office,1,119.99,0
TX-0168,2026-04-11,CUS-050,everyday-hoodie,Everyday Hoodie,Apparel,1,54.99,0.15
TX-0169,2026-08-27,CUS-135,mechanical-keyboard,Mechanical Keyboard,Office,2,119.99,0
TX-0170,2026-04-13,CUS-076,usb-c-hub,USB-C Hub,Accessories,1,39.99,0
TX-0171,2026-02-26,CUS-137,mechanical-keyboard,Mechanical Keyboard,Office,1,119.99,0
TX-0172,2026-07-14,CUS-075,mechanical-keyboard,Mechanical Keyboard,Office,1,119.99,0
TX-0173,2026-09-03,CUS-126,everyday-hoodie,Everyday Hoodie,Apparel,3,54.99,0.15
TX-0174,2026-05-06,CUS-121,wireless-headphones,Wireless Headphones,Audio,3,89.99,0.1
TX-0175,2026-03-08,CUS-065,desk-lamp,Desk Lamp,Home Office,1,44.99,0
TX-0176,2026-06-05,CUS-126,desk-lamp,Desk Lamp,Home Office,1,44.99,0
TX-0177,2026-03-08,CUS-039,wireless-headphones,Wireless Headphones,Audio,1,89.99,0.15
TX-0178,2026-03-16,CUS-064,mechanical-keyboard,Mechanical Keyboard,Office,2,119.99,0
TX-0179,2026-07-28,CUS-058,wireless-headphones,Wireless Headphones,Audio,1,89.99,0.05
TX-0180,2026-05-10,CUS-110,usb-c-hub,USB-C Hub,Accessories,1,39.99,0.05
TX-0181,2026-07-29,CUS-026,smart-watch,Smart Watch,Wearables,1,149.99,0
TX-0182,2026-08-11,CUS-021,mechanical-keyboard,Mechanical Keyboard,Office,2,119.99,0
TX-0183,2026-03-14,CUS-041,mechanical-keyboard,Mechanical Keyboard,Office,1,119.99,0.1
TX-0184,2026-07-25,CUS-121,wireless-headphones,Wireless Headphones,Audio,1,89.99,0.15
TX-0185,2026-08-22,CUS-073,smart-watch,Smart Watch,Wearables,1,149.99,0
TX-0186,2026-08-17,CUS-060,everyday-hoodie,Everyday Hoodie,Apparel,2,54.99,0
TX-0187,2026-07-23,CUS-051,smart-watch,Smart Watch,Wearables,2,149.99,0.15
TX-0188,2026-08-07,CUS-039,desk-lamp,Desk Lamp,Home Office,1,44.99,0
TX-0189,2026-03-10,CUS-043,smart-watch,Smart Watch,Wearables,2,149.99,0
TX-0190,2026-05-07,CUS-113,smart-watch,Smart Watch,Wearables,1,149.99,0.1
TX-0191,2026-08-21,CUS-104,wireless-headphones,Wireless Headphones,Audio,1,89.99,0
TX-0192,2026-06-15,CUS-021,smart-watch,Smart Watch,Wearables,1,149.99,0.05
TX-0193,2026-08-30,CUS-083,usb-c-hub,USB-C Hub,Accessories,1,39.99,0.05
TX-0194,2026-04-22,CUS-148,usb-c-hub,USB-C Hub,Accessories,1,39.99,0
TX-0195,2026-05-02,CUS-148,usb-c-hub,USB-C Hub,Accessories,3,39.99,0.15
TX-0196,2026-06-23,CUS-133,wireless-headphones,Wireless Headphones,Audio,2,89.99,0
TX-0197,2026-04-10,CUS-150,everyday-hoodie,Everyday Hoodie,Apparel,1,54.99,0
TX-0198,2026-03-18,CUS-121,desk-lamp,Desk Lamp,Home Office,2,44.99,0.05
TX-0199,2026-08-13,CUS-027,smart-watch,Smart Watch,Wearables,1,149.99,0
TX-0200,2026-06-29,CUS-074,mechanical-keyboard,Mechanical Keyboard,Office,1,119.99,0.15
TX-0201,2026-03-04,CUS-117,everyday-hoodie,Everyday Hoodie,Apparel,3,54.99,0.1
TX-0202,2026-03-24,CUS-104,wireless-headphones,Wireless Headphones,Audio,1,89.99,0
TX-0203,2026-08-10,CUS-139,usb-c-hub,USB-C Hub,Accessories,2,39.99,0
TX-0204,2026-07-05,CUS-093,desk-lamp,Desk Lamp,Home Office,1,44.99,0
TX-0205,2026-06-16,CUS-014,usb-c-hub,USB-C Hub,Accessories,2,39.99,0.15
TX-0206,2026-05-07,CUS-113,mechanical-keyboard,Mechanical Keyboard,Office,1,119.99,0
TX-0207,2026-08-03,CUS-062,everyday-hoodie,Everyday Hoodie,Apparel,1,54.99,0
TX-0208,2026-02-26,CUS-142,everyday-hoodie,Everyday Hoodie,Apparel,1,54.99,0.1
TX-0209,2026-06-21,CUS-031,desk-lamp,Desk Lamp,Home Office,1,44.99,0
TX-0210,2026-08-25,CUS-075,everyday-hoodie,Everyday Hoodie,Apparel,2,54.99,0.05
TX-0211,2026-06-26,CUS-121,usb-c-hub,USB-C Hub,Accessories,2,39.99,0.05
TX-0212,2026-06-01,CUS-049,mechanical-keyboard,Mechanical Keyboard,Office,1,119.99,0
TX-0213,2026-03-12,CUS-071,usb-c-hub,USB-C Hub,Accessories,1,39.99,0
TX-0214,2026-05-02,CUS-001,desk-lamp,Desk Lamp,Home Office,1,44.99,0.1
TX-0215,2026-07-21,CUS-126,smart-watch,Smart Watch,Wearables,2,149.99,0.1
TX-0216,2026-05-22,CUS-086,mechanical-keyboard,Mechanical Keyboard,Office,1,119.99,0.05
TX-0217,2026-06-19,CUS-083,usb-c-hub,USB-C Hub,Accessories,2,39.99,0.05
TX-0218,2026-07-19,CUS-099,mechanical-keyboard,Mechanical Keyboard,Office,4,119.99,0
TX-0219,2026-03-06,CUS-082,mechanical-keyboard,Mechanical Keyboard,Office,2,119.99,0.05
TX-0220,2026-06-01,CUS-039,everyday-hoodie,Everyday Hoodie,Apparel,1,54.99,0.05
TX-0221,2026-07-01,CUS-085,desk-lamp,Desk Lamp,Home Office,3,44.99,0
TX-0222,2026-03-20,CUS-135,wireless-headphones,Wireless Headphones,Audio,3,89.99,0.05
TX-0223,2026-06-07,CUS-040,desk-lamp,Desk Lamp,Home Office,1,44.99,0
TX-0224,2026-05-20,CUS-102,wireless-headphones,Wireless Headphones,Audio,1,89.99,0
TX-0225,2026-08-14,CUS-137,everyday-hoodie,Everyday Hoodie,Apparel,1,54.99,0
TX-0226,2026-08-25,CUS-125,desk-lamp,Desk Lamp,Home Office,3,44.99,0.15
TX-0227,2026-04-24,CUS-074,usb-c-hub,USB-C Hub,Accessories,1,39.99,0
TX-0228,2026-03-20,CUS-026,mechanical-keyboard,Mechanical Keyboard,Office,2,119.99,0.05
TX-0229,2026-03-02,CUS-012,desk-lamp,Desk Lamp,Home Office,1,44.99,0
TX-0230,2026-05-25,CUS-096,smart-watch,Smart Watch,Wearables,2,149.99,0
TX-0231,2026-06-08,CUS-145,desk-lamp,Desk Lamp,Home Office,1,44.99,0.1
TX-0232,2026-04-08,CUS-021,everyday-hoodie,Everyday Hoodie,Apparel,2,54.99,0
TX-0233,2026-08-16,CUS-062,usb-c-hub,USB-C Hub,Accessories,3,39.99,0.1
TX-0234,2026-04-23,CUS-119,desk-lamp,Desk Lamp,Home Office,3,44.99,0
TX-0235,2026-08-12,CUS-003,everyday-hoodie,Everyday Hoodie,Apparel,1,54.99,0
TX-0236,2026-07-12,CUS-041,desk-lamp,Desk Lamp,Home Office,3,44.99,0.15
TX-0237,2026-07-23,CUS-077,wireless-headphones,Wireless Headphones,Audio,1,89.99,0
TX-0238,2026-04-28,CUS-117,everyday-hoodie,Everyday Hoodie,Apparel,3,54.99,0.15
TX-0239,2026-06-26,CUS-028,smart-watch,Smart Watch,Wearables,1,149.99,0.05
TX-0240,2026-07-20,CUS-076,mechanical-keyboard,Mechanical Keyboard,Office,1,119.99,0
TX-0241,2026-06-04,CUS-071,everyday-hoodie,Everyday Hoodie,Apparel,1,54.99,0.15
TX-0242,2026-09-10,CUS-013,wireless-headphones,Wireless Headphones,Audio,1,89.99,0.15
TX-0243,2026-09-09,CUS-059,usb-c-hub,USB-C Hub,Accessories,2,39.99,0
TX-0244,2026-08-04,CUS-049,usb-c-hub,USB-C Hub,Accessories,2,39.99,0
TX-0245,2026-09-07,CUS-036,usb-c-hub,USB-C Hub,Accessories,1,39.99,0.15
TX-0246,2026-08-07,CUS-011,everyday-hoodie,Everyday Hoodie,Apparel,1,54.99,0.15
TX-0247,2026-07-21,CUS-094,smart-watch,Smart Watch,Wearables,2,149.99,0
TX-0248,2026-05-17,CUS-107,everyday-hoodie,Everyday Hoodie,Apparel,1,54.99,0
TX-0249,2026-05-27,CUS-136,mechanical-keyboard,Mechanical Keyboard,Office,1,119.99,0.1
TX-0250,2026-04-29,CUS-124,usb-c-hub,USB-C Hub,Accessories,3,39.99,0
TX-0251,2026-09-16,CUS-030,smart-watch,Smart Watch,Wearables,2,149.99,0
TX-0252,2026-09-04,CUS-058,desk-lamp,Desk Lamp,Home Office,3,44.99,0
TX-0253,2026-09-16,CUS-143,everyday-hoodie,Everyday Hoodie,Apparel,2,54.99,0.05
TX-0254,2026-02-26,CUS-068,smart-watch,Smart Watch,Wearables,1,149.99,0.05
TX-0255,2026-08-14,CUS-068,usb-c-hub,USB-C Hub,Accessories,1,39.99,0
TX-0256,2026-05-29,CUS-028,usb-c-hub,USB-C Hub,Accessories,1,39.99,0.15
TX-0257,2026-07-31,CUS-144,everyday-hoodie,Everyday Hoodie,Apparel,1,54.99,0
TX-0258,2026-08-07,CUS-017,smart-watch,Smart Watch,Wearables,3,149.99,0
TX-0259,2026-05-11,CUS-105,everyday-hoodie,Everyday Hoodie,Apparel,2,54.99,0.15
TX-0260,2026-05-11,CUS-127,wireless-headphones,Wireless Headphones,Audio,1,89.99,0
TX-0261,2026-03-29,CUS-100,wireless-headphones,Wireless Headphones,Audio,1,89.99,0.1
TX-0262,2026-08-20,CUS-139,desk-lamp,Desk Lamp,Home Office,1,44.99,0.15
TX-0263,2026-04-03,CUS-107,desk-lamp,Desk Lamp,Home Office,1,44.99,0.15
TX-0264,2026-07-30,CUS-105,everyday-hoodie,Everyday Hoodie,Apparel,1,54.99,0.05
TX-0265,2026-04-19,CUS-114,smart-watch,Smart Watch,Wearables,1,149.99,0
TX-0266,2026-03-20,CUS-095,desk-lamp,Desk Lamp,Home Office,3,44.99,0
TX-0267,2026-05-25,CUS-016,usb-c-hub,USB-C Hub,Accessories,3,39.99,0.15
TX-0268,2026-06-19,CUS-024,desk-lamp,Desk Lamp,Home Office,1,44.99,0
TX-0269,2026-07-25,CUS-006,everyday-hoodie,Everyday Hoodie,Apparel,1,54.99,0.15
TX-0270,2026-03-27,CUS-145,wireless-headphones,Wireless Headphones,Audio,2,89.99,0
TX-0271,2026-04-17,CUS-056,mechanical-keyboard,Mechanical Keyboard,Office,1,119.99,0.1
TX-0272,2026-09-12,CUS-001,mechanical-keyboard,Mechanical Keyboard,Office,1,119.99,0
TX-0273,2026-03-28,CUS-139,smart-watch,Smart Watch,Wearables,2,149.99,0
TX-0274,2026-08-11,CUS-007,smart-watch,Smart Watch,Wearables,2,149.99,0
TX-0275,2026-07-23,CUS-083,mechanical-keyboard,Mechanical Keyboard,Office,1,119.99,0
TX-0276,2026-03-27,CUS-108,wireless-headphones,Wireless Headphones,Audio,1,89.99,0
TX-0277,2026-06-24,CUS-115,usb-c-hub,USB-C Hub,Accessories,1,39.99,0
TX-0278,2026-06-18,CUS-129,smart-watch,Smart Watch,Wearables,1,149.99,0
TX-0279,2026-08-28,CUS-134,mechanical-keyboard,Mechanical Keyboard,Office,3,119.99,0
TX-0280,2026-03-10,CUS-123,smart-watch,Smart Watch,Wearables,1,149.99,0
TX-0281,2026-06-28,CUS-114,desk-lamp,Desk Lamp,Home Office,1,44.99,0
TX-0282,2026-07-28,CUS-038,wireless-headphones,Wireless Headphones,Audio,3,89.99,0
TX-0283,2026-08-04,CUS-150,wireless-headphones,Wireless Headphones,Audio,1,89.99,0.1
TX-0284,2026-07-25,CUS-136,usb-c-hub,USB-C Hub,Accessories,2,39.99,0.05
TX-0285,2026-06-13,CUS-026,smart-watch,Smart Watch,Wearables,1,149.99,0.1
TX-0286,2026-08-08,CUS-142,everyday-hoodie,Everyday Hoodie,Apparel,1,54.99,0.15
TX-0287,2026-06-18,CUS-059,everyday-hoodie,Everyday Hoodie,Apparel,2,54.99,0.05
TX-0288,2026-06-05,CUS-107,desk-lamp,Desk Lamp,Home Office,1,44.99,0.05
TX-0289,2026-05-14,CUS-066,everyday-hoodie,Everyday Hoodie,Apparel,1,54.99,0.05
TX-0290,2026-06-24,CUS-018,smart-watch,Smart Watch,Wearables,3,149.99,0.15
TX-0291,2026-06-13,CUS-025,wireless-headphones,Wireless Headphones,Audio,2,89.99,0
TX-0292,2026-07-15,CUS-016,everyday-hoodie,Everyday Hoodie,Apparel,2,54.99,0
TX-0293,2026-05-18,CUS-032,usb-c-hub,USB-C Hub,Accessories,3,39.99,0.1
TX-0294,2026-09-03,CUS-109,desk-lamp,Desk Lamp,Home Office,1,44.99,0.15
TX-0295,2026-07-26,CUS-080,everyday-hoodie,Everyday Hoodie,Apparel,1,54.99,0
TX-0296,2026-04-18,CUS-040,smart-watch,Smart Watch,Wearables,1,149.99,0.1
TX-0297,2026-05-23,CUS-143,everyday-hoodie,Everyday Hoodie,Apparel,1,54.99,0
TX-0298,2026-07-19,CUS-058,smart-watch,Smart Watch,Wearables,1,149.99,0
TX-0299,2026-07-30,CUS-143,desk-lamp,Desk Lamp,Home Office,2,44.99,0.1
TX-0300,2026-08-19,CUS-069,wireless-headphones,Wireless Headphones,Audio,1,89.99,0.15
TX-0301,2026-09-06,CUS-080,wireless-headphones,Wireless Headphones,Audio,1,89.99,0.15
TX-0302,2026-03-31,CUS-145,smart-watch,Smart Watch,Wearables,1,149.99,0
TX-0303,2026-08-31,CUS-008,everyday-hoodie,Everyday Hoodie,Apparel,1,54.99,0
TX-0304,2026-05-30,CUS-108,wireless-headphones,Wireless Headphones,Audio,2,89.99,0
TX-0305,2026-05-13,CUS-084,desk-lamp,Desk Lamp,Home Office,1,44.99,0
TX-0306,2026-04-03,CUS-041,usb-c-hub,USB-C Hub,Accessories,1,39.99,0
TX-0307,2026-05-03,CUS-114,usb-c-hub,USB-C Hub,Accessories,1,39.99,0
TX-0308,2026-06-16,CUS-107,everyday-hoodie,Everyday Hoodie,Apparel,1,54.99,0.1
TX-0309,2026-03-24,CUS-089,smart-watch,Smart Watch,Wearables,1,149.99,0.1
TX-0310,2026-08-15,CUS-125,desk-lamp,Desk Lamp,Home Office,1,44.99,0.15
TX-0311,2026-04-20,CUS-102,usb-c-hub,USB-C Hub,Accessories,2,39.99,0
TX-0312,2026-05-11,CUS-055,usb-c-hub,USB-C Hub,Accessories,1,39.99,0
TX-0313,2026-05-17,CUS-031,mechanical-keyboard,Mechanical Keyboard,Office,2,119.99,0
TX-0314,2026-04-08,CUS-034,wireless-headphones,Wireless Headphones,Audio,1,89.99,0.05
TX-0315,2026-07-01,CUS-144,desk-lamp,Desk Lamp,Home Office,1,44.99,0
TX-0316,2026-06-04,CUS-011,everyday-hoodie,Everyday Hoodie,Apparel,2,54.99,0
TX-0317,2026-05-14,CUS-148,desk-lamp,Desk Lamp,Home Office,1,44.99,0
TX-0318,2026-08-05,CUS-107,desk-lamp,Desk Lamp,Home Office,1,44.99,0.15
TX-0319,2026-05-17,CUS-044,smart-watch,Smart Watch,Wearables,1,149.99,0
TX-0320,2026-05-26,CUS-023,usb-c-hub,USB-C Hub,Accessories,1,39.99,0.15
TX-0321,2026-06-14,CUS-103,desk-lamp,Desk Lamp,Home Office,2,44.99,0
TX-0322,2026-09-01,CUS-087,usb-c-hub,USB-C Hub,Accessories,1,39.99,0
TX-0323,2026-03-14,CUS-131,mechanical-keyboard,Mechanical Keyboard,Office,1,119.99,0
TX-0324,2026-04-13,CUS-090,everyday-hoodie,Everyday Hoodie,Apparel,1,54.99,0.1
TX-0325,2026-09-19,CUS-038,smart-watch,Smart Watch,Wearables,2,149.99,0.15
TX-0326,2026-04-14,CUS-045,mechanical-keyboard,Mechanical Keyboard,Office,1,119.99,0
TX-0327,2026-03-14,CUS-046,usb-c-hub,USB-C Hub,Accessories,1,39.99,0.15
TX-0328,2026-09-05,CUS-149,everyday-hoodie,Everyday Hoodie,Apparel,1,54.99,0.1
TX-0329,2026-08-06,CUS-083,desk-lamp,Desk Lamp,Home Office,2,44.99,0.1
TX-0330,2026-03-12,CUS-121,everyday-hoodie,Everyday Hoodie,Apparel,1,54.99,0.05
TX-0331,2026-07-24,CUS-015,desk-lamp,Desk Lamp,Home Office,2,44.99,0
TX-0332,2026-06-21,CUS-116,smart-watch,Smart Watch,Wearables,1,149.99,0
TX-0333,2026-03-14,CUS-024,wireless-headphones,Wireless Headphones,Audio,1,89.99,0
TX-0334,2026-06-21,CUS-149,usb-c-hub,USB-C Hub,Accessories,1,39.99,0.05
TX-0335,2026-03-05,CUS-116,usb-c-hub,USB-C Hub,Accessories,3,39.99,0.15
TX-0336,2026-07-27,CUS-122,usb-c-hub,USB-C Hub,Accessories,2,39.99,0
TX-0337,2026-06-18,CUS-027,usb-c-hub,USB-C Hub,Accessories,1,39.99,0
TX-0338,2026-07-02,CUS-045,smart-watch,Smart Watch,Wearables,4,149.99,0
TX-0339,2026-06-15,CUS-135,wireless-headphones,Wireless Headphones,Audio,1,89.99,0.05
TX-0340,2026-05-29,CUS-073,usb-c-hub,USB-C Hub,Accessories,1,39.99,0
TX-0341,2026-08-15,CUS-014,desk-lamp,Desk Lamp,Home Office,1,44.99,0
TX-0342,2026-05-18,CUS-025,everyday-hoodie,Everyday Hoodie,Apparel,9,54.99,0
TX-0343,2026-04-28,CUS-039,usb-c-hub,USB-C Hub,Accessories,2,39.99,0
TX-0344,2026-03-31,CUS-090,smart-watch,Smart Watch,Wearables,1,149.99,0.15
TX-0345,2026-08-11,CUS-101,smart-watch,Smart Watch,Wearables,3,149.99,0.15
TX-0346,2026-05-13,CUS-144,mechanical-keyboard,Mechanical Keyboard,Office,1,119.99,0
TX-0347,2026-09-19,CUS-033,desk-lamp,Desk Lamp,Home Office,2,44.99,0
TX-0348,2026-08-17,CUS-135,everyday-hoodie,Everyday Hoodie,Apparel,2,54.99,0.15
TX-0349,2026-07-03,CUS-093,wireless-headphones,Wireless Headphones,Audio,2,89.99,0.05
TX-0350,2026-04-18,CUS-088,wireless-headphones,Wireless Headphones,Audio,1,89.99,0
TX-0351,2026-04-03,CUS-020,desk-lamp,Desk Lamp,Home Office,1,44.99,0
TX-0352,2026-07-02,CUS-139,smart-watch,Smart Watch,Wearables,2,149.99,0
TX-0353,2026-08-11,CUS-087,everyday-hoodie,Everyday Hoodie,Apparel,3,54.99,0
TX-0354,2026-04-03,CUS-042,usb-c-hub,USB-C Hub,Accessories,1,39.99,0.05
TX-0355,2026-09-18,CUS-043,mechanical-keyboard,Mechanical Keyboard,Office,2,119.99,0.1
TX-0356,2026-05-27,CUS-061,everyday-hoodie,Everyday Hoodie,Apparel,1,54.99,0.05
TX-0357,2026-09-11,CUS-115,desk-lamp,Desk Lamp,Home Office,1,44.99,0.15
TX-0358,2026-09-18,CUS-121,mechanical-keyboard,Mechanical Keyboard,Office,1,119.99,0
TX-0359,2026-06-15,CUS-119,mechanical-keyboard,Mechanical Keyboard,Office,1,119.99,0.1
TX-0360,2026-07-08,CUS-108,smart-watch,Smart Watch,Wearables,2,149.99,0.1
TX-0361,2026-03-30,CUS-065,mechanical-keyboard,Mechanical Keyboard,Office,2,119.99,0.1
TX-0362,2026-07-14,CUS-027,wireless-headphones,Wireless Headphones,Audio,2,89.99,0
TX-0363,2026-05-06,CUS-022,everyday-hoodie,Everyday Hoodie,Apparel,2,54.99,0
TX-0364,2026-04-01,CUS-112,mechanical-keyboard,Mechanical Keyboard,Office,1,119.99,0.1
TX-0365,2026-09-20,CUS-116,wireless-headphones,Wireless Headphones,Audio,3,89.99,0
TX-0366,2026-03-08,CUS-102,smart-watch,Smart Watch,Wearables,3,149.99,0.05
TX-0367,2026-03-15,CUS-096,usb-c-hub,USB-C Hub,Accessories,1,39.99,0.05
TX-0368,2026-08-24,CUS-086,mechanical-keyboard,Mechanical Keyboard,Office,1,119.99,0
TX-0369,2026-06-23,CUS-036,mechanical-keyboard,Mechanical Keyboard,Office,1,119.99,0
TX-0370,2026-02-24,CUS-021,everyday-hoodie,Everyday Hoodie,Apparel,1,54.99,0.1
TX-0371,2026-07-13,CUS-136,wireless-headphones,Wireless Headphones,Audio,1,89.99,0
TX-0372,2026-04-24,CUS-078,desk-lamp,Desk Lamp,Home Office,1,44.99,0
TX-0373,2026-08-05,CUS-118,wireless-headphones,Wireless Headphones,Audio,1,89.99,0.05
TX-0374,2026-07-25,CUS-138,wireless-headphones,Wireless Headphones,Audio,1,89.99,0.05
TX-0375,2026-04-25,CUS-037,wireless-headphones,Wireless Headphones,Audio,2,89.99,0.1
TX-0376,2026-05-24,CUS-062,smart-watch,Smart Watch,Wearables,1,149.99,0.1
TX-0377,2026-08-13,CUS-022,usb-c-hub,USB-C Hub,Accessories,1,39.99,0.15
TX-0378,2026-07-07,CUS-140,usb-c-hub,USB-C Hub,Accessories,4,39.99,0
TX-0379,2026-07-14,CUS-006,usb-c-hub,USB-C Hub,Accessories,2,39.99,0.1
TX-0380,2026-08-04,CUS-100,desk-lamp,Desk Lamp,Home Office,3,44.99,0
TX-0381,2026-05-25,CUS-018,smart-watch,Smart Watch,Wearables,1,149.99,0
TX-0382,2026-08-02,CUS-027,smart-watch,Smart Watch,Wearables,1,149.99,0.15
TX-0383,2026-03-29,CUS-012,usb-c-hub,USB-C Hub,Accessories,2,39.99,0
TX-0384,2026-04-08,CUS-119,smart-watch,Smart Watch,Wearables,1,149.99,0.15
TX-0385,2026-09-18,CUS-035,everyday-hoodie,Everyday Hoodie,Apparel,1,54.99,0
TX-0386,2026-03-04,CUS-076,wireless-headphones,Wireless Headphones,Audio,2,89.99,0.05
TX-0387,2026-03-05,CUS-081,mechanical-keyboard,Mechanical Keyboard,Office,1,119.99,0
TX-0388,2026-06-24,CUS-065,smart-watch,Smart Watch,Wearables,1,149.99,0.1
TX-0389,2026-05-07,CUS-092,wireless-headphones,Wireless Headphones,Audio,2,89.99,0
TX-0390,2026-05-03,CUS-032,wireless-headphones,Wireless Headphones,Audio,2,89.99,0
TX-0391,2026-09-01,CUS-113,smart-watch,Smart Watch,Wearables,1,149.99,0.05
TX-0392,2026-06-30,CUS-128,desk-lamp,Desk Lamp,Home Office,1,44.99,0
TX-0393,2026-05-02,CUS-022,smart-watch,Smart Watch,Wearables,3,149.99,0.1
TX-0394,2026-07-27,CUS-047,everyday-hoodie,Everyday Hoodie,Apparel,1,54.99,0.05
TX-0395,2026-03-15,CUS-084,usb-c-hub,USB-C Hub,Accessories,1,39.99,0
TX-0396,2026-07-27,CUS-110,everyday-hoodie,Everyday Hoodie,Apparel,1,54.99,0.05
TX-0397,2026-06-17,CUS-011,mechanical-keyboard,Mechanical Keyboard,Office,2,119.99,0
TX-0398,2026-07-30,CUS-112,everyday-hoodie,Everyday Hoodie,Apparel,3,54.99,0
TX-0399,2026-03-14,CUS-104,smart-watch,Smart Watch,Wearables,2,149.99,0
TX-0400,2026-08-15,CUS-041,smart-watch,Smart Watch,Wearables,1,149.99,0.15
TX-0401,2026-08-15,CUS-113,wireless-headphones,Wireless Headphones,Audio,1,89.99,0.1
TX-0402,2026-09-10,CUS-094,wireless-headphones,Wireless Headphones,Audio,1,89.99,0
TX-0403,2026-03-03,CUS-040,smart-watch,Smart Watch,Wearables,1,149.99,0.1
TX-0404,2026-05-29,CUS-114,everyday-hoodie,Everyday Hoodie,Apparel,1,54.99,0
TX-0405,2026-05-27,CUS-102,wireless-headphones,Wireless Headphones,Audio,1,89.99,0.1
TX-0406,2026-03-24,CUS-007,smart-watch,Smart Watch,Wearables,2,149.99,0
TX-0407,2026-06-02,CUS-144,everyday-hoodie,Everyday Hoodie,Apparel,1,54.99,0.1
TX-0408,2026-08-22,CUS-115,wireless-headphones,Wireless Headphones,Audio,1,89.99,0
TX-0409,2026-08-19,CUS-126,mechanical-keyboard,Mechanical Keyboard,Office,4,119.99,0
TX-0410,2026-06-18,CUS-045,mechanical-keyboard,Mechanical Keyboard,Office,1,119.99,0
TX-0411,2026-09-18,CUS-082,everyday-hoodie,Everyday Hoodie,Apparel,1,54.99,0
TX-0412,2026-07-13,CUS-139,everyday-hoodie,Everyday Hoodie,Apparel,1,54.99,0
TX-0413,2026-08-24,CUS-045,smart-watch,Smart Watch,Wearables,3,149.99,0
TX-0414,2026-04-15,CUS-036,smart-watch,Smart Watch,Wearables,1,149.99,0
TX-0415,2026-05-26,CUS-142,mechanical-keyboard,Mechanical Keyboard,Office,2,119.99,0
TX-0416,2026-03-28,CUS-023,usb-c-hub,USB-C Hub,Accessories,1,39.99,0.1
TX-0417,2026-08-26,CUS-123,wireless-headphones,Wireless Headphones,Audio,1,89.99,0.15
TX-0418,2026-07-20,CUS-019,usb-c-hub,USB-C Hub,Accessories,1,39.99,0.05
TX-0419,2026-03-13,CUS-116,mechanical-keyboard,Mechanical Keyboard,Office,4,119.99,0.15
TX-0420,2026-03-27,CUS-142,desk-lamp,Desk Lamp,Home Office,2,44.99,0
TX-0421,2026-06-13,CUS-129,everyday-hoodie,Everyday Hoodie,Apparel,1,54.99,0
TX-0422,2026-04-03,CUS-078,wireless-headphones,Wireless Headphones,Audio,2,89.99,0.1
TX-0423,2026-04-21,CUS-089,mechanical-keyboard,Mechanical Keyboard,Office,1,119.99,0.15
TX-0424,2026-04-28,CUS-051,usb-c-hub,USB-C Hub,Accessories,3,39.99,0
TX-0425,2026-03-27,CUS-078,everyday-hoodie,Everyday Hoodie,Apparel,3,54.99,0
TX-0426,2026-08-06,CUS-044,usb-c-hub,USB-C Hub,Accessories,1,39.99,0.1
TX-0427,2026-04-07,CUS-087,usb-c-hub,USB-C Hub,Accessories,3,39.99,0
TX-0428,2026-03-15,CUS-012,usb-c-hub,USB-C Hub,Accessories,1,39.99,0
TX-0429,2026-08-08,CUS-054,everyday-hoodie,Everyday Hoodie,Apparel,2,54.99,0
TX-0430,2026-03-02,CUS-128,usb-c-hub,USB-C Hub,Accessories,1,39.99,0.15
TX-0431,2026-05-11,CUS-124,everyday-hoodie,Everyday Hoodie,Apparel,1,54.99,0.15
TX-0432,2026-06-06,CUS-077,mechanical-keyboard,Mechanical Keyboard,Office,2,119.99,0.15
TX-0433,2026-04-04,CUS-113,desk-lamp,Desk Lamp,Home Office,1,44.99,0
TX-0434,2026-05-21,CUS-037,desk-lamp,Desk Lamp,Home Office,1,44.99,0
TX-0435,2026-08-29,CUS-089,smart-watch,Smart Watch,Wearables,2,149.99,0
TX-0436,2026-07-04,CUS-144,desk-lamp,Desk Lamp,Home Office,1,44.99,0
TX-0437,2026-03-26,CUS-069,wireless-headphones,Wireless Headphones,Audio,1,89.99,0.05
TX-0438,2026-03-07,CUS-075,desk-lamp,Desk Lamp,Home Office,1,44.99,0
TX-0439,2026-04-27,CUS-041,desk-lamp,Desk Lamp,Home Office,2,44.99,0.05
TX-0440,2026-05-14,CUS-049,smart-watch,Smart Watch,Wearables,3,149.99,0.15
TX-0441,2026-06-22,CUS-128,mechanical-keyboard,Mechanical Keyboard,Office,1,119.99,0.1
TX-0442,2026-06-03,CUS-130,smart-watch,Smart Watch,Wearables,1,149.99,0
TX-0443,2026-07-22,CUS-091,desk-lamp,Desk Lamp,Home Office,3,44.99,0
TX-0444,2026-07-25,CUS-121,wireless-headphones,Wireless Headphones,Audio,1,89.99,0.05
TX-0445,2026-06-13,CUS-035,smart-watch,Smart Watch,Wearables,1,149.99,0
TX-0446,2026-05-27,CUS-012,smart-watch,Smart Watch,Wearables,2,149.99,0.05
TX-0447,2026-04-13,CUS-093,desk-lamp,Desk Lamp,Home Office,1,44.99,0.1
TX-0448,2026-07-02,CUS-116,usb-c-hub,USB-C Hub,Accessories,1,39.99,0.05
TX-0449,2026-08-16,CUS-031,usb-c-hub,USB-C Hub,Accessories,1,39.99,0.1
TX-0450,2026-05-29,CUS-087,mechanical-keyboard,Mechanical Keyboard,Office,4,119.99,0.05
TX-0451,2026-04-14,CUS-131,usb-c-hub,USB-C Hub,Accessories,3,39.99,0
TX-0452,2026-03-04,CUS-036,desk-lamp,Desk Lamp,Home Office,1,44.99,0
TX-0453,2026-07-05,CUS-117,everyday-hoodie,Everyday Hoodie,Apparel,1,54.99,0.05
TX-0454,2026-03-30,CUS-084,mechanical-keyboard,Mechanical Keyboard,Office,1,119.99,0.1
TX-0455,2026-07-30,CUS-077,usb-c-hub,USB-C Hub,Accessories,1,39.99,0.05
TX-0456,2026-07-09,CUS-126,usb-c-hub,USB-C Hub,Accessories,1,39.99,0.1
TX-0457,2026-09-19,CUS-005,everyday-hoodie,Everyday Hoodie,Apparel,1,54.99,0.05
TX-0458,2026-06-09,CUS-150,smart-watch,Smart Watch,Wearables,1,149.99,0
TX-0459,2026-08-18,CUS-007,smart-watch,Smart Watch,Wearables,2,149.99,0.15
TX-0460,2026-09-11,CUS-149,usb-c-hub,USB-C Hub,Accessories,1,39.99,0.15
TX-0461,2026-07-22,CUS-123,usb-c-hub,USB-C Hub,Accessories,1,39.99,0
TX-0462,2026-07-31,CUS-098,mechanical-keyboard,Mechanical Keyboard,Office,1,119.99,0.15
TX-0463,2026-03-03,CUS-147,mechanical-keyboard,Mechanical Keyboard,Office,2,119.99,0
TX-0464,2026-06-15,CUS-081,everyday-hoodie,Everyday Hoodie,Apparel,1,54.99,0
TX-0465,2026-04-16,CUS-106,desk-lamp,Desk Lamp,Home Office,1,44.99,0.15
TX-0466,2026-08-30,CUS-016,usb-c-hub,USB-C Hub,Accessories,2,39.99,0.05
TX-0467,2026-07-16,CUS-084,everyday-hoodie,Everyday Hoodie,Apparel,1,54.99,0
TX-0468,2026-05-14,CUS-045,everyday-hoodie,Everyday Hoodie,Apparel,1,54.99,0.05
TX-0469,2026-07-12,CUS-091,desk-lamp,Desk Lamp,Home Office,3,44.99,0
TX-0470,2026-08-16,CUS-068,everyday-hoodie,Everyday Hoodie,Apparel,2,54.99,0.15
TX-0471,2026-05-05,CUS-143,usb-c-hub,USB-C Hub,Accessories,1,39.99,0
TX-0472,2026-09-08,CUS-074,smart-watch,Smart Watch,Wearables,1,149.99,0
TX-0473,2026-06-28,CUS-082,everyday-hoodie,Everyday Hoodie,Apparel,1,54.99,0.15
TX-0474,2026-05-04,CUS-074,desk-lamp,Desk Lamp,Home Office,1,44.99,0.15
TX-0475,2026-05-31,CUS-102,wireless-headphones,Wireless Headphones,Audio,1,89.99,0.1
TX-0476,2026-05-08,CUS-011,smart-watch,Smart Watch,Wearables,3,149.99,0
TX-0477,2026-05-22,CUS-114,smart-watch,Smart Watch,Wearables,3,149.99,0
TX-0478,2026-04-18,CUS-052,everyday-hoodie,Everyday Hoodie,Apparel,1,54.99,0.05
TX-0479,2026-08-20,CUS-070,usb-c-hub,USB-C Hub,Accessories,1,39.99,0.1
TX-0480,2026-07-23,CUS-062,mechanical-keyboard,Mechanical Keyboard,Office,1,119.99,0.15
TX-0481,2026-04-21,CUS-060,mechanical-keyboard,Mechanical Keyboard,Office,1,119.99,0.1
TX-0482,2026-08-25,CUS-121,wireless-headphones,Wireless Headphones,Audio,1,89.99,0
TX-0483,2026-02-24,CUS-141,wireless-headphones,Wireless Headphones,Audio,2,89.99,0
TX-0484,2026-06-25,CUS-052,mechanical-keyboard,Mechanical Keyboard,Office,1,119.99,0.05
TX-0485,2026-03-10,CUS-023,smart-watch,Smart Watch,Wearables,1,149.99,0.15
TX-0486,2026-08-31,CUS-010,everyday-hoodie,Everyday Hoodie,Apparel,1,54.99,0.1
TX-0487,2026-03-04,CUS-102,mechanical-keyboard,Mechanical Keyboard,Office,1,119.99,0
TX-0488,2026-05-08,CUS-010,desk-lamp,Desk Lamp,Home Office,1,44.99,0.15
TX-0489,2026-03-22,CUS-086,wireless-headphones,Wireless Headphones,Audio,1,89.99,0.1
TX-0490,2026-07-12,CUS-135,smart-watch,Smart Watch,Wearables,1,149.99,0.15
TX-0491,2026-07-02,CUS-120,desk-lamp,Desk Lamp,Home Office,3,44.99,0
TX-0492,2026-05-18,CUS-042,smart-watch,Smart Watch,Wearables,1,149.99,0
TX-0493,2026-08-25,CUS-048,everyday-hoodie,Everyday Hoodie,Apparel,1,54.99,0
TX-0494,2026-07-18,CUS-050,wireless-headphones,Wireless Headphones,Audio,2,89.99,0
TX-0495,2026-06-06,CUS-110,mechanical-keyboard,Mechanical Keyboard,Office,1,119.99,0.15
TX-0496,2026-08-13,CUS-025,usb-c-hub,USB-C Hub,Accessories,1,39.99,0.05
TX-0497,2026-05-16,CUS-064,mechanical-keyboard,Mechanical Keyboard,Office,4,119.99,0.05
TX-0498,2026-06-17,CUS-069,wireless-headphones,Wireless Headphones,Audio,1,89.99,0
TX-0499,2026-07-19,CUS-003,smart-watch,Smart Watch,Wearables,1,149.99,0.15
TX-0500,2026-04-24,CUS-016,smart-watch,Smart Watch,Wearables,2,149.99,0.15
TX-0501,2026-04-04,CUS-104,everyday-hoodie,Everyday Hoodie,Apparel,1,54.99,0
TX-0502,2026-09-08,CUS-080,everyday-hoodie,Everyday Hoodie,Apparel,1,54.99,0.15
TX-0503,2026-05-28,CUS-057,everyday-hoodie,Everyday Hoodie,Apparel,1,54.99,0
TX-0504,2026-04-03,CUS-117,mechanical-keyboard,Mechanical Keyboard,Office,3,119.99,0.05
TX-0505,2026-06-09,CUS-141,everyday-hoodie,Everyday Hoodie,Apparel,4,54.99,0
TX-0506,2026-04-19,CUS-064,desk-lamp,Desk Lamp,Home Office,2,44.99,0.15
TX-0507,2026-07-07,CUS-115,everyday-hoodie,Everyday Hoodie,Apparel,2,54.99,0
TX-0508,2026-07-17,CUS-029,usb-c-hub,USB-C Hub,Accessories,2,39.99,0
TX-0509,2026-04-15,CUS-147,wireless-headphones,Wireless Headphones,Audio,2,89.99,0.1
TX-0510,2026-07-06,CUS-114,usb-c-hub,USB-C Hub,Accessories,1,39.99,0
TX-0511,2026-07-22,CUS-126,wireless-headphones,Wireless Headphones,Audio,2,89.99,0.15
TX-0512,2026-09-18,CUS-015,wireless-headphones,Wireless Headphones,Audio,3,89.99,0.05
TX-0513,2026-06-19,CUS-145,desk-lamp,Desk Lamp,Home Office,1,44.99,0.05
TX-0514,2026-09-17,CUS-079,wireless-headphones,Wireless Headphones,Audio,1,89.99,0.15
TX-0515,2026-09-20,CUS-001,everyday-hoodie,Everyday Hoodie,Apparel,1,54.99,0
TX-0516,2026-03-06,CUS-109,everyday-hoodie,Everyday Hoodie,Apparel,1,54.99,0
TX-0517,2026-03-10,CUS-018,smart-watch,Smart Watch,Wearables,2,149.99,0.1
TX-0518,2026-04-10,CUS-035,desk-lamp,Desk Lamp,Home Office,1,44.99,0.05
TX-0519,2026-06-10,CUS-096,everyday-hoodie,Everyday Hoodie,Apparel,4,54.99,0.15
TX-0520,2026-05-30,CUS-021,desk-lamp,Desk Lamp,Home Office,1,44.99,0.05
TX-0521,2026-03-29,CUS-090,everyday-hoodie,Everyday Hoodie,Apparel,3,54.99,0.1
TX-0522,2026-06-03,CUS-136,wireless-headphones,Wireless Headphones,Audio,1,89.99,0.1
TX-0523,2026-02-23,CUS-006,mechanical-keyboard,Mechanical Keyboard,Office,2,119.99,0
TX-0524,2026-07-12,CUS-109,smart-watch,Smart Watch,Wearables,1,149.99,0.15
TX-0525,2026-04-27,CUS-118,usb-c-hub,USB-C Hub,Accessories,1,39.99,0
TX-0526,2026-08-27,CUS-029,smart-watch,Smart Watch,Wearables,1,149.99,0
TX-0527,2026-07-30,CUS-005,wireless-headphones,Wireless Headphones,Audio,2,89.99,0.05
TX-0528,2026-07-25,CUS-009,mechanical-keyboard,Mechanical Keyboard,Office,1,119.99,0
TX-0529,2026-03-07,CUS-063,desk-lamp,Desk Lamp,Home Office,1,44.99,0.15
TX-0530,2026-04-23,CUS-139,everyday-hoodie,Everyday Hoodie,Apparel,1,54.99,0.05
TX-0531,2026-03-30,CUS-129,mechanical-keyboard,Mechanical Keyboard,Office,2,119.99,0
TX-0532,2026-07-20,CUS-082,smart-watch,Smart Watch,Wearables,1,149.99,0.15
TX-0533,2026-09-20,CUS-083,usb-c-hub,USB-C Hub,Accessories,1,39.99,0.15
TX-0534,2026-08-11,CUS-134,mechanical-keyboard,Mechanical Keyboard,Office,1,119.99,0
TX-0535,2026-03-10,CUS-143,mechanical-keyboard,Mechanical Keyboard,Office,1,119.99,0
TX-0536,2026-08-02,CUS-110,usb-c-hub,USB-C Hub,Accessories,3,39.99,0
TX-0537,2026-08-06,CUS-098,usb-c-hub,USB-C Hub,Accessories,1,39.99,0
TX-0538,2026-06-07,CUS-039,usb-c-hub,USB-C Hub,Accessories,1,39.99,0.05
TX-0539,2026-06-24,CUS-062,smart-watch,Smart Watch,Wearables,1,149.99,0.1
TX-0540,2026-03-31,CUS-119,mechanical-keyboard,Mechanical Keyboard,Office,1,119.99,0.15
TX-0541,2026-07-15,CUS-136,wireless-headphones,Wireless Headphones,Audio,1,89.99,0.05
TX-0542,2026-04-16,CUS-085,mechanical-keyboard,Mechanical Keyboard,Office,1,119.99,0
TX-0543,2026-05-28,CUS-024,everyday-hoodie,Everyday Hoodie,Apparel,1,54.99,0.05
TX-0544,2026-03-08,CUS-069,usb-c-hub,USB-C Hub,Accessories,2,39.99,0
TX-0545,2026-03-05,CUS-019,desk-lamp,Desk Lamp,Home Office,2,44.99,0.1
TX-0546,2026-08-27,CUS-144,mechanical-keyboard,Mechanical Keyboard,Office,2,119.99,0.1
TX-0547,2026-05-11,CUS-004,mechanical-keyboard,Mechanical Keyboard,Office,1,119.99,0
TX-0548,2026-03-25,CUS-123,mechanical-keyboard,Mechanical Keyboard,Office,3,119.99,0.15
TX-0549,2026-04-16,CUS-102,mechanical-keyboard,Mechanical Keyboard,Office,2,119.99,0.15
TX-0550,2026-05-31,CUS-120,mechanical-keyboard,Mechanical Keyboard,Office,1,119.99,0
TX-0551,2026-04-30,CUS-093,usb-c-hub,USB-C Hub,Accessories,2,39.99,0
TX-0552,2026-03-20,CUS-121,usb-c-hub,USB-C Hub,Accessories,3,39.99,0.05
TX-0553,2026-05-14,CUS-106,smart-watch,Smart Watch,Wearables,3,149.99,0
TX-0554,2026-08-31,CUS-038,wireless-headphones,Wireless Headphones,Audio,1,89.99,0
TX-0555,2026-07-21,CUS-107,wireless-headphones,Wireless Headphones,Audio,1,89.99,0.1
TX-0556,2026-04-22,CUS-098,smart-watch,Smart Watch,Wearables,1,149.99,0
TX-0557,2026-07-13,CUS-087,usb-c-hub,USB-C Hub,Accessories,2,39.99,0.05
TX-0558,2026-08-27,CUS-126,smart-watch,Smart Watch,Wearables,2,149.99,0.05
TX-0559,2026-04-07,CUS-036,desk-lamp,Desk Lamp,Home Office,1,44.99,0
TX-0560,2026-07-11,CUS-016,everyday-hoodie,Everyday Hoodie,Apparel,1,54.99,0
TX-0561,2026-09-20,CUS-013,usb-c-hub,USB-C Hub,Accessories,1,39.99,0
TX-0562,2026-04-23,CUS-018,wireless-headphones,Wireless Headphones,Audio,1,89.99,0.15
TX-0563,2026-07-02,CUS-117,everyday-hoodie,Everyday Hoodie,Apparel,1,54.99,0
TX-0564,2026-08-12,CUS-124,smart-watch,Smart Watch,Wearables,1,149.99,0.15
TX-0565,2026-07-09,CUS-142,everyday-hoodie,Everyday Hoodie,Apparel,1,54.99,0
TX-0566,2026-08-26,CUS-071,desk-lamp,Desk Lamp,Home Office,1,44.99,0.1
TX-0567,2026-07-01,CUS-111,usb-c-hub,USB-C Hub,Accessories,4,39.99,0
TX-0568,2026-07-07,CUS-039,mechanical-keyboard,Mechanical Keyboard,Office,1,119.99,0
TX-0569,2026-04-28,CUS-091,mechanical-keyboard,Mechanical Keyboard,Office,1,119.99,0.1
TX-0570,2026-05-29,CUS-104,smart-watch,Smart Watch,Wearables,2,149.99,0
TX-0571,2026-04-21,CUS-077,desk-lamp,Desk Lamp,Home Office,1,44.99,0.15
TX-0572,2026-08-09,CUS-009,everyday-hoodie,Everyday Hoodie,Apparel,2,54.99,0
TX-0573,2026-07-14,CUS-122,wireless-headphones,Wireless Headphones,Audio,1,89.99,0.05
TX-0574,2026-04-07,CUS-022,wireless-headphones,Wireless Headphones,Audio,2,89.99,0.15
TX-0575,2026-09-11,CUS-085,desk-lamp,Desk Lamp,Home Office,2,44.99,0.15
TX-0576,2026-07-08,CUS-011,usb-c-hub,USB-C Hub,Accessories,4,39.99,0
TX-0577,2026-07-18,CUS-122,mechanical-keyboard,Mechanical Keyboard,Office,1,119.99,0.15
TX-0578,2026-08-17,CUS-072,smart-watch,Smart Watch,Wearables,1,149.99,0
TX-0579,2026-04-09,CUS-081,usb-c-hub,USB-C Hub,Accessories,1,39.99,0
TX-0580,2026-03-31,CUS-102,wireless-headphones,Wireless Headphones,Audio,3,89.99,0.1
TX-0581,2026-04-25,CUS-146,wireless-headphones,Wireless Headphones,Audio,1,89.99,0.1
TX-0582,2026-05-18,CUS-099,desk-lamp,Desk Lamp,Home Office,2,44.99,0.1
TX-0583,2026-08-27,CUS-021,everyday-hoodie,Everyday Hoodie,Apparel,1,54.99,0.15
TX-0584,2026-03-08,CUS-026,usb-c-hub,USB-C Hub,Accessories,2,39.99,0
TX-0585,2026-05-21,CUS-102,desk-lamp,Desk Lamp,Home Office,1,44.99,0
TX-0586,2026-09-11,CUS-116,smart-watch,Smart Watch,Wearables,1,149.99,0
TX-0587,2026-05-30,CUS-111,desk-lamp,Desk Lamp,Home Office,1,44.99,0.1
TX-0588,2026-05-31,CUS-022,mechanical-keyboard,Mechanical Keyboard,Office,2,119.99,0.15
TX-0589,2026-08-24,CUS-019,usb-c-hub,USB-C Hub,Accessories,1,39.99,0
TX-0590,2026-08-24,CUS-040,wireless-headphones,Wireless Headphones,Audio,1,89.99,0.05
TX-0591,2026-03-22,CUS-024,everyday-hoodie,Everyday Hoodie,Apparel,1,54.99,0
TX-0592,2026-05-26,CUS-070,wireless-headphones,Wireless Headphones,Audio,3,89.99,0.05
TX-0593,2026-06-13,CUS-115,wireless-headphones,Wireless Headphones,Audio,1,89.99,0
TX-0594,2026-03-21,CUS-007,usb-c-hub,USB-C Hub,Accessories,1,39.99,0.05
TX-0595,2026-07-25,CUS-084,wireless-headphones,Wireless Headphones,Audio,1,89.99,0
TX-0596,2026-06-02,CUS-022,desk-lamp,Desk Lamp,Home Office,1,44.99,0.05
TX-0597,2026-07-19,CUS-134,everyday-hoodie,Everyday Hoodie,Apparel,3,54.99,0
TX-0598,2026-03-30,CUS-069,mechanical-keyboard,Mechanical Keyboard,Office,2,119.99,0
TX-0599,2026-03-11,CUS-043,smart-watch,Smart Watch,Wearables,1,149.99,0
TX-0600,2026-06-26,CUS-020,desk-lamp,Desk Lamp,Home Office,1,44.99,0
TX-0601,2026-08-26,CUS-127,smart-watch,Smart Watch,Wearables,1,149.99,0
TX-0602,2026-03-22,CUS-035,usb-c-hub,USB-C Hub,Accessories,1,39.99,0.05
TX-0603,2026-05-19,CUS-098,smart-watch,Smart Watch,Wearables,1,149.99,0.05
TX-0604,2026-09-19,CUS-035,smart-watch,Smart Watch,Wearables,1,149.99,0.05
TX-0605,2026-04-15,CUS-123,smart-watch,Smart Watch,Wearables,1,149.99,0.15
TX-0606,2026-05-15,CUS-075,smart-watch,Smart Watch,Wearables,1,149.99,0.05
TX-0607,2026-07-20,CUS-063,everyday-hoodie,Everyday Hoodie,Apparel,2,54.99,0.05
TX-0608,2026-05-27,CUS-030,smart-watch,Smart Watch,Wearables,1,149.99,0.05
TX-0609,2026-04-10,CUS-141,usb-c-hub,USB-C Hub,Accessories,1,39.99,0.1
TX-0610,2026-08-23,CUS-054,wireless-headphones,Wireless Headphones,Audio,3,89.99,0.05
TX-0611,2026-03-12,CUS-105,desk-lamp,Desk Lamp,Home Office,2,44.99,0.15
TX-0612,2026-05-11,CUS-062,everyday-hoodie,Everyday Hoodie,Apparel,1,54.99,0.15
TX-0613,2026-06-11,CUS-097,smart-watch,Smart Watch,Wearables,2,149.99,0.15
TX-0614,2026-06-25,CUS-150,wireless-headphones,Wireless Headphones,Audio,1,89.99,0.1
TX-0615,2026-06-10,CUS-140,desk-lamp,Desk Lamp,Home Office,1,44.99,0.15
TX-0616,2026-08-21,CUS-138,wireless-headphones,Wireless Headphones,Audio,2,89.99,0
TX-0617,2026-03-22,CUS-064,usb-c-hub,USB-C Hub,Accessories,2,39.99,0
TX-0618,2026-08-07,CUS-012,everyday-hoodie,Everyday Hoodie,Apparel,2,54.99,0
TX-0619,2026-08-07,CUS-103,usb-c-hub,USB-C Hub,Accessories,9,39.99,0
TX-0620,2026-03-22,CUS-003,smart-watch,Smart Watch,Wearables,3,149.99,0.05
TX-0621,2026-09-02,CUS-133,wireless-headphones,Wireless Headphones,Audio,1,89.99,0.1
TX-0622,2026-04-20,CUS-115,usb-c-hub,USB-C Hub,Accessories,1,39.99,0.1
TX-0623,2026-07-23,CUS-129,smart-watch,Smart Watch,Wearables,1,149.99,0.15
TX-0624,2026-06-26,CUS-027,mechanical-keyboard,Mechanical Keyboard,Office,1,119.99,0
TX-0625,2026-03-24,CUS-037,smart-watch,Smart Watch,Wearables,1,149.99,0
TX-0626,2026-09-11,CUS-053,smart-watch,Smart Watch,Wearables,1,149.99,0.05
TX-0627,2026-03-19,CUS-113,usb-c-hub,USB-C Hub,Accessories,1,39.99,0.05
TX-0628,2026-03-12,CUS-077,everyday-hoodie,Everyday Hoodie,Apparel,2,54.99,0
TX-0629,2026-02-28,CUS-088,wireless-headphones,Wireless Headphones,Audio,2,89.99,0
TX-0630,2026-08-31,CUS-063,everyday-hoodie,Everyday Hoodie,Apparel,1,54.99,0
TX-0631,2026-05-18,CUS-144,usb-c-hub,USB-C Hub,Accessories,1,39.99,0
TX-0632,2026-09-15,CUS-104,desk-lamp,Desk Lamp,Home Office,3,44.99,0
TX-0633,2026-08-10,CUS-111,everyday-hoodie,Everyday Hoodie,Apparel,1,54.99,0.15
TX-0634,2026-04-14,CUS-116,desk-lamp,Desk Lamp,Home Office,1,44.99,0.1
TX-0635,2026-08-22,CUS-055,usb-c-hub,USB-C Hub,Accessories,1,39.99,0
TX-0636,2026-09-18,CUS-017,mechanical-keyboard,Mechanical Keyboard,Office,1,119.99,0.15
TX-0637,2026-04-11,CUS-094,usb-c-hub,USB-C Hub,Accessories,1,39.99,0.1
TX-0638,2026-05-01,CUS-126,smart-watch,Smart Watch,Wearables,1,149.99,0
TX-0639,2026-07-25,CUS-100,usb-c-hub,USB-C Hub,Accessories,3,39.99,0
TX-0640,2026-05-23,CUS-091,usb-c-hub,USB-C Hub,Accessories,1,39.99,0
TX-0641,2026-08-22,CUS-077,desk-lamp,Desk Lamp,Home Office,1,44.99,0.15
TX-0642,2026-03-29,CUS-081,usb-c-hub,USB-C Hub,Accessories,1,39.99,0.15
TX-0643,2026-04-10,CUS-096,wireless-headphones,Wireless Headphones,Audio,1,89.99,0
TX-0644,2026-06-10,CUS-036,everyday-hoodie,Everyday Hoodie,Apparel,1,54.99,0.05
TX-0645,2026-06-27,CUS-138,usb-c-hub,USB-C Hub,Accessories,1,39.99,0
TX-0646,2026-07-15,CUS-043,everyday-hoodie,Everyday Hoodie,Apparel,3,54.99,0
TX-0647,2026-05-14,CUS-116,desk-lamp,Desk Lamp,Home Office,1,44.99,0
TX-0648,2026-02-25,CUS-125,usb-c-hub,USB-C Hub,Accessories,1,39.99,0
TX-0649,2026-07-16,CUS-130,mechanical-keyboard,Mechanical Keyboard,Office,1,119.99,0.05
TX-0650,2026-06-28,CUS-107,everyday-hoodie,Everyday Hoodie,Apparel,1,54.99,0.15
TX-0651,2026-04-06,CUS-022,everyday-hoodie,Everyday Hoodie,Apparel,2,54.99,0.05
TX-0652,2026-05-08,CUS-009,usb-c-hub,USB-C Hub,Accessories,1,39.99,0
TX-0653,2026-04-07,CUS-118,smart-watch,Smart Watch,Wearables,1,149.99,0
TX-0654,2026-07-13,CUS-131,usb-c-hub,USB-C Hub,Accessories,2,39.99,0.05
TX-0655,2026-09-09,CUS-140,wireless-headphones,Wireless Headphones,Audio,1,89.99,0
TX-0656,2026-09-05,CUS-113,smart-watch,Smart Watch,Wearables,1,149.99,0
TX-0657,2026-03-21,CUS-064,usb-c-hub,USB-C Hub,Accessories,1,39.99,0.05
TX-0658,2026-06-18,CUS-068,smart-watch,Smart Watch,Wearables,3,149.99,0
TX-0659,2026-06-15,CUS-031,smart-watch,Smart Watch,Wearables,2,149.99,0
TX-0660,2026-07-23,CUS-090,mechanical-keyboard,Mechanical Keyboard,Office,1,119.99,0.15
TX-0661,2026-04-06,CUS-036,everyday-hoodie,Everyday Hoodie,Apparel,1,54.99,0.05
TX-0662,2026-07-18,CUS-090,mechanical-keyboard,Mechanical Keyboard,Office,2,119.99,0
TX-0663,2026-04-07,CUS-083,usb-c-hub,USB-C Hub,Accessories,1,39.99,0.1
TX-0664,2026-05-02,CUS-132,everyday-hoodie,Everyday Hoodie,Apparel,1,54.99,0.1
TX-0665,2026-09-03,CUS-106,everyday-hoodie,Everyday Hoodie,Apparel,2,54.99,0
TX-0666,2026-03-27,CUS-034,wireless-headphones,Wireless Headphones,Audio,4,89.99,0.15
TX-0667,2026-04-27,CUS-101,mechanical-keyboard,Mechanical Keyboard,Office,1,119.99,0
TX-0668,2026-05-02,CUS-107,desk-lamp,Desk Lamp,Home Office,1,44.99,0.15
TX-0669,2026-09-14,CUS-024,desk-lamp,Desk Lamp,Home Office,1,44.99,0.15
TX-0670,2026-08-19,CUS-095,desk-lamp,Desk Lamp,Home Office,1,44.99,0
TX-0671,2026-07-21,CUS-001,desk-lamp,Desk Lamp,Home Office,3,44.99,0
TX-0672,2026-08-04,CUS-092,everyday-hoodie,Everyday Hoodie,Apparel,1,54.99,0.05
TX-0673,2026-04-19,CUS-110,wireless-headphones,Wireless Headphones,Audio,2,89.99,0.05
TX-0674,2026-05-06,CUS-087,mechanical-keyboard,Mechanical Keyboard,Office,1,119.99,0
TX-0675,2026-06-27,CUS-088,usb-c-hub,USB-C Hub,Accessories,1,39.99,0.1
TX-0676,2026-03-20,CUS-118,everyday-hoodie,Everyday Hoodie,Apparel,2,54.99,0
TX-0677,2026-06-15,CUS-117,wireless-headphones,Wireless Headphones,Audio,1,89.99,0
TX-0678,2026-04-15,CUS-034,wireless-headphones,Wireless Headphones,Audio,4,89.99,0.05
TX-0679,2026-03-18,CUS-093,everyday-hoodie,Everyday Hoodie,Apparel,1,54.99,0
TX-0680,2026-08-08,CUS-043,smart-watch,Smart Watch,Wearables,1,149.99,0.15
TX-0681,2026-08-27,CUS-060,wireless-headphones,Wireless Headphones,Audio,1,89.99,0
TX-0682,2026-03-19,CUS-001,desk-lamp,Desk Lamp,Home Office,2,44.99,0.15
TX-0683,2026-07-24,CUS-058,mechanical-keyboard,Mechanical Keyboard,Office,1,119.99,0
TX-0684,2026-02-25,CUS-088,usb-c-hub,USB-C Hub,Accessories,2,39.99,0
TX-0685,2026-08-19,CUS-034,wireless-headphones,Wireless Headphones,Audio,4,89.99,0.05
TX-0686,2026-03-17,CUS-027,desk-lamp,Desk Lamp,Home Office,1,44.99,0.05
TX-0687,2026-03-30,CUS-098,wireless-headphones,Wireless Headphones,Audio,1,89.99,0
TX-0688,2026-03-31,CUS-018,mechanical-keyboard,Mechanical Keyboard,Office,2,119.99,0.15
TX-0689,2026-08-08,CUS-043,usb-c-hub,USB-C Hub,Accessories,1,39.99,0.1
TX-0690,2026-08-02,CUS-039,desk-lamp,Desk Lamp,Home Office,1,44.99,0
TX-0691,2026-04-19,CUS-023,desk-lamp,Desk Lamp,Home Office,1,44.99,0.05
TX-0692,2026-07-23,CUS-099,wireless-headphones,Wireless Headphones,Audio,1,89.99,0
TX-0693,2026-09-13,CUS-036,smart-watch,Smart Watch,Wearables,3,149.99,0
TX-0694,2026-04-27,CUS-142,mechanical-keyboard,Mechanical Keyboard,Office,1,119.99,0
TX-0695,2026-05-06,CUS-007,usb-c-hub,USB-C Hub,Accessories,1,39.99,0.1
TX-0696,2026-07-05,CUS-131,everyday-hoodie,Everyday Hoodie,Apparel,3,54.99,0
TX-0697,2026-08-07,CUS-014,mechanical-keyboard,Mechanical Keyboard,Office,2,119.99,0
TX-0698,2026-04-25,CUS-128,mechanical-keyboard,Mechanical Keyboard,Office,1,119.99,0
TX-0699,2026-02-26,CUS-093,everyday-hoodie,Everyday Hoodie,Apparel,1,54.99,0.1
TX-0700,2026-06-10,CUS-094,smart-watch,Smart Watch,Wearables,1,149.99,0.1
TX-0701,2026-09-08,CUS-019,usb-c-hub,USB-C Hub,Accessories,2,39.99,0.05
TX-0702,2026-05-01,CUS-056,wireless-headphones,Wireless Headphones,Audio,1,89.99,0
TX-0703,2026-07-02,CUS-074,wireless-headphones,Wireless Headphones,Audio,3,89.99,0.05
TX-0704,2026-06-11,CUS-103,everyday-hoodie,Everyday Hoodie,Apparel,2,54.99,0.05
TX-0705,2026-07-30,CUS-040,wireless-headphones,Wireless Headphones,Audio,2,89.99,0.1
TX-0706,2026-07-03,CUS-053,smart-watch,Smart Watch,Wearables,1,149.99,0
TX-0707,2026-07-23,CUS-017,mechanical-keyboard,Mechanical Keyboard,Office,1,119.99,0.05
TX-0708,2026-04-25,CUS-015,smart-watch,Smart Watch,Wearables,2,149.99,0.15
TX-0709,2026-03-24,CUS-117,mechanical-keyboard,Mechanical Keyboard,Office,1,119.99,0.05
TX-0710,2026-08-12,CUS-045,usb-c-hub,USB-C Hub,Accessories,1,39.99,0
TX-0711,2026-08-21,CUS-003,wireless-headphones,Wireless Headphones,Audio,1,89.99,0
TX-0712,2026-07-06,CUS-133,mechanical-keyboard,Mechanical Keyboard,Office,1,119.99,0
TX-0713,2026-03-27,CUS-069,everyday-hoodie,Everyday Hoodie,Apparel,1,54.99,0
TX-0714,2026-05-19,CUS-110,everyday-hoodie,Everyday Hoodie,Apparel,3,54.99,0
TX-0715,2026-08-24,CUS-148,smart-watch,Smart Watch,Wearables,1,149.99,0
TX-0716,2026-07-03,CUS-093,everyday-hoodie,Everyday Hoodie,Apparel,1,54.99,0.05
TX-0717,2026-04-06,CUS-095,wireless-headphones,Wireless Headphones,Audio,1,89.99,0.1
TX-0718,2026-07-19,CUS-030,mechanical-keyboard,Mechanical Keyboard,Office,1,119.99,0
TX-0719,2026-03-06,CUS-004,mechanical-keyboard,Mechanical Keyboard,Office,2,119.99,0
TX-0720,2026-06-01,CUS-039,mechanical-keyboard,Mechanical Keyboard,Office,1,119.99,0
